video_id,video_description,video_hashtags,video_view_count,video_like_count,video_share_count,video_comment_count,video_author_id,video_author_nickname,video_create_time,comment_id,comment_text,comment_like_count,comment_timestamp,comment_reply_count,comment_hash,text_length,has_emoji,has_mention,has_hashtag,is_reply,user_id,user_unique_id,user_nickname,user_followers_count,user_following_count,user_video_count,user_verified,user_comment_count_in_dataset,user_duplicate_ratio,user_avg_time_between_comments
7509002805806517511,CÃ´ gÃ¡i may máº¯n nháº¥t Ä‘Ãªm Ä‘áº§u tiÃªn trong concert cá»§a SOOBIN lá»™ diá»‡n khiáº¿n dÃ¢n tÃ¬nh ná»©c ná»Ÿ #soobin #yendan #news #amm,"soobin,yendan,news,amm",789700,45300,538,92,6562500403404324865,Kenh14.vn,2025-05-27 14:45:00,7509057930827842320,ÃŠ bá»›t Thanh Thá»§y láº¡i Ä‘i Ãª,1199,2025-05-27 16:40:02,2,43efb1cb3d7e64807928d8d2852a5fa6,25,False,False,False,False,7009116234596729883,chunchipp_oii,á»n áººn Æ¡iiğŸ°ğŸ¦«,17,15,0,False,1,0.0,0
7509002805806517511,CÃ´ gÃ¡i may máº¯n nháº¥t Ä‘Ãªm Ä‘áº§u tiÃªn trong concert cá»§a SOOBIN lá»™ diá»‡n khiáº¿n dÃ¢n tÃ¬nh ná»©c ná»Ÿ #soobin #yendan #news #amm,"soobin,yendan,news,amm",789700,45300,538,92,6562500403404324865,Kenh14.vn,2025-05-27 14:45:00,7509061181408297736,ui mng Æ¡i mÃ¬nh há»i day2 thÃ¬ lÃ  cÃ¡i cj gÃ¢y tranh cÃ£i hay lÃ  cj yÃªn Ä‘an tiáº¿p v áº¡,129,2025-05-27 16:52:34,6,137020ccb1c6a0bc09f99b837052d42d,78,False,False,False,False,7439592771361833992,cobehuongngoai_05,cua ğŸ¦€,46,678,0,False,1,0.0,0
7509002805806517511,CÃ´ gÃ¡i may máº¯n nháº¥t Ä‘Ãªm Ä‘áº§u tiÃªn trong concert cá»§a SOOBIN lá»™ diá»‡n khiáº¿n dÃ¢n tÃ¬nh ná»©c ná»Ÿ #soobin #yendan #news #amm,"soobin,yendan,news,amm",789700,45300,538,92,6562500403404324865,Kenh14.vn,2025-05-27 14:45:00,7509085596214035221,rá»“i máº¯c gÃ¬ lÃ´i Thanh Thá»§y cá»§a t vÃ´?,584,2025-05-27 18:27:28,1,0e2b9a716638a634774dc0b432e34f65,35,False,False,False,False,7078997708602278913,th5_oh,Quynhh,0,207,0,False,1,0.0,0
7509002805806517511,CÃ´ gÃ¡i may máº¯n nháº¥t Ä‘Ãªm Ä‘áº§u tiÃªn trong concert cá»§a SOOBIN lá»™ diá»‡n khiáº¿n dÃ¢n tÃ¬nh ná»©c ná»Ÿ #soobin #yendan #news #amm,"soobin,yendan,news,amm",789700,45300,538,92,6562500403404324865,Kenh14.vn,2025-05-27 14:45:00,7509144869488263954,Rá»“i máº¯c j lÃ´i Thanh Thuá»· vÃ o váº­y,3,2025-05-27 22:17:20,0,9299ecb8fae80dc0cae218a10fda6c06,32,False,False,False,False,7117280766081532930,tuongvyannie2244,TÆ°á»ng Ziee,53,57,6,False,1,0.0,0
7509002805806517511,CÃ´ gÃ¡i may máº¯n nháº¥t Ä‘Ãªm Ä‘áº§u tiÃªn trong concert cá»§a SOOBIN lá»™ diá»‡n khiáº¿n dÃ¢n tÃ¬nh ná»©c ná»Ÿ #soobin #yendan #news #amm,"soobin,yendan,news,amm",789700,45300,538,92,6562500403404324865,Kenh14.vn,2025-05-27 14:45:00,7509078972820538113,Nma YÄ báº£ nhá» nhá» xinh xinh trÃ´ng nhÆ° dc che chá»Ÿ nhÃ¬n nÃ³ há»£p máº¯t hÆ¡n:)) kh bá»‹ dÃ¬m Soobin ná»¯a,493,2025-05-27 18:01:48,9,5383ba42e5611b7702875d96746659f0,92,False,False,False,False,6977459828496450562,tama246642,TamağŸŒ¸,558,23,123,False,1,0.0,0
7509002805806517511,CÃ´ gÃ¡i may máº¯n nháº¥t Ä‘Ãªm Ä‘áº§u tiÃªn trong concert cá»§a SOOBIN lá»™ diá»‡n khiáº¿n dÃ¢n tÃ¬nh ná»©c ná»Ÿ #soobin #yendan #news #amm,"soobin,yendan,news,amm",789700,45300,538,92,6562500403404324865,Kenh14.vn,2025-05-27 14:45:00,7509210388576191239,"Tha cho thanh thá»§y Ä‘i, cÃ³ váº­y cÅ©ng nháº¯c Ä‘áº¿n ngta",2,2025-05-28 02:31:37,0,98d0a45d10906b96cb7a8a99808ebc8a,48,False,False,False,False,7117139106497561602,nho259,nho259,520,561,207,False,1,0.0,0
7509002805806517511,CÃ´ gÃ¡i may máº¯n nháº¥t Ä‘Ãªm Ä‘áº§u tiÃªn trong concert cá»§a SOOBIN lá»™ diá»‡n khiáº¿n dÃ¢n tÃ¬nh ná»©c ná»Ÿ #soobin #yendan #news #amm,"soobin,yendan,news,amm",789700,45300,538,92,6562500403404324865,Kenh14.vn,2025-05-27 14:45:00,7509075314187174664,á»§a nma chÃ¡nh cung lÃ  danh hiá»‡u cá»§a hhvn mÃ  ai thay Ä‘c háº£ trğŸ˜‚,6,2025-05-27 17:47:27,1,7b0cb5f30d1cd2545eb7b290ee4515eb,60,True,False,False,False,7297165856659473426,yeuylee,YEUY,1,32,0,False,1,0.0,0
7509002805806517511,CÃ´ gÃ¡i may máº¯n nháº¥t Ä‘Ãªm Ä‘áº§u tiÃªn trong concert cá»§a SOOBIN lá»™ diá»‡n khiáº¿n dÃ¢n tÃ¬nh ná»©c ná»Ÿ #soobin #yendan #news #amm,"soobin,yendan,news,amm",789700,45300,538,92,6562500403404324865,Kenh14.vn,2025-05-27 14:45:00,7509132274479923975,"á»§a máº¹..ngta lÃ  HH,cÃ²n cÃ³ cÃ´ng viá»‡c riÃªng,lÃ m gÃ¬ cÃ³ chuyá»‡n xoay quanh mÃ£i Soobin Ä‘Æ°á»£c??",0,2025-05-27 21:28:27,0,4c04ed2c1f4e6c3e143352652c13c503,86,False,False,False,False,7301886662925583361,bt.chuche6,Ngá»c BÃ­ch,240,9,11,False,1,0.0,0
7509002805806517511,CÃ´ gÃ¡i may máº¯n nháº¥t Ä‘Ãªm Ä‘áº§u tiÃªn trong concert cá»§a SOOBIN lá»™ diá»‡n khiáº¿n dÃ¢n tÃ¬nh ná»©c ná»Ÿ #soobin #yendan #news #amm,"soobin,yendan,news,amm",789700,45300,538,92,6562500403404324865,Kenh14.vn,2025-05-27 14:45:00,7509081661679944455,Sao e váº«n thÃ­ch chá»‹ Thá»§y hÆ¡n mÃ£i khÃ´ng thay tháº¿ Ä‘c,18,2025-05-27 18:12:10,0,f43207199eecfd355c2199fe27ec05e4,50,False,False,False,False,6624779899344142338,heogiang26795,Heo Giang,15200,1560,413,False,1,0.0,0
7509002805806517511,CÃ´ gÃ¡i may máº¯n nháº¥t Ä‘Ãªm Ä‘áº§u tiÃªn trong concert cá»§a SOOBIN lá»™ diá»‡n khiáº¿n dÃ¢n tÃ¬nh ná»©c ná»Ÿ #soobin #yendan #news #amm,"soobin,yendan,news,amm",789700,45300,538,92,6562500403404324865,Kenh14.vn,2025-05-27 14:45:00,7509085099251565330,Tui con gÃ¡i tui cÃ²n mÃª YÃªn Äan nuaa,17,2025-05-27 18:25:27,0,a4adbb24f60ec44080c4f62b76e61d8d,35,False,False,False,False,7350950937068651522,12th05_07,thd,146,58,52,False,1,0.0,0
7509002805806517511,CÃ´ gÃ¡i may máº¯n nháº¥t Ä‘Ãªm Ä‘áº§u tiÃªn trong concert cá»§a SOOBIN lá»™ diá»‡n khiáº¿n dÃ¢n tÃ¬nh ná»©c ná»Ÿ #soobin #yendan #news #amm,"soobin,yendan,news,amm",789700,45300,538,92,6562500403404324865,Kenh14.vn,2025-05-27 14:45:00,7509131814875923201,á»§a z áº£nh kÃ©m bme t cÃ³ 2 tuá»•i háº£=)),8,2025-05-27 21:26:41,0,535946545d7eaebf2de8258fcc5baeae,34,False,False,False,False,7365124408383570961,kittycuaanh8,thuhaaá°.áŸ,34,60,1,False,1,0.0,0
7509002805806517511,CÃ´ gÃ¡i may máº¯n nháº¥t Ä‘Ãªm Ä‘áº§u tiÃªn trong concert cá»§a SOOBIN lá»™ diá»‡n khiáº¿n dÃ¢n tÃ¬nh ná»©c ná»Ÿ #soobin #yendan #news #amm,"soobin,yendan,news,amm",789700,45300,538,92,6562500403404324865,Kenh14.vn,2025-05-27 14:45:00,7509054392890802961,CÃ´ng chÃºa vÃ  hoÃ ng tá»­ Ä‘áº¹p Ä‘Ã´i quÃ¡ luÃ´nnnnnğŸ¥¹ğŸ¥¹,89,2025-05-27 16:26:25,0,d6b12c9ef9ec12179062e254f9d4ab47,44,False,False,False,False,7234667574151365633,lylyh59,lyly,10,163,0,False,1,0.0,0
7509002805806517511,CÃ´ gÃ¡i may máº¯n nháº¥t Ä‘Ãªm Ä‘áº§u tiÃªn trong concert cá»§a SOOBIN lá»™ diá»‡n khiáº¿n dÃ¢n tÃ¬nh ná»©c ná»Ÿ #soobin #yendan #news #amm,"soobin,yendan,news,amm",789700,45300,538,92,6562500403404324865,Kenh14.vn,2025-05-27 14:45:00,7509563469634388758,Ã½ lÃ  máº¯c j lÃ´i HH Thanh Thá»§y vÃ´? 2 ng há» chá»‰ há»£p tÃ¡c lm MV thÃ´i chá»© cÃ³ j Ä‘Ã¢u? bá»›t bá»›t láº¡i Ä‘i,1,2025-05-29 01:21:47,0,70c55117873f72470c44afd34344b26f,92,False,False,False,False,7496970156762825750,tiramarchsookay,TiraMarchSOOKAYğŸ°ğŸ¥­,18,88,15,False,1,0.0,0
7509002805806517511,CÃ´ gÃ¡i may máº¯n nháº¥t Ä‘Ãªm Ä‘áº§u tiÃªn trong concert cá»§a SOOBIN lá»™ diá»‡n khiáº¿n dÃ¢n tÃ¬nh ná»©c ná»Ÿ #soobin #yendan #news #amm,"soobin,yendan,news,amm",789700,45300,538,92,6562500403404324865,Kenh14.vn,2025-05-27 14:45:00,7509101460089586452,Ãª sao cá»© lÃ´i thá»§y vÃ o váº­y,8,2025-05-27 19:28:52,0,e4d58e81b448e08ee2e2108694d667f5,25,False,False,False,False,7374818843720303622,lnhlnh150,Lnhlnh,12,31,0,False,1,0.0,0
7509002805806517511,CÃ´ gÃ¡i may máº¯n nháº¥t Ä‘Ãªm Ä‘áº§u tiÃªn trong concert cá»§a SOOBIN lá»™ diá»‡n khiáº¿n dÃ¢n tÃ¬nh ná»©c ná»Ÿ #soobin #yendan #news #amm,"soobin,yendan,news,amm",789700,45300,538,92,6562500403404324865,Kenh14.vn,2025-05-27 14:45:00,7509135750647563026,NgÆ°á»i yÃªu pháº£i ko áº¡,0,2025-05-27 21:41:55,1,70bc387994420d57beb5f3db000181cf,19,False,False,False,False,7466486576017949702,ngchnnguyn01,#ğğªä¸¶ğ€ğ§ğ§ğ¢ğã‹°,24,194,3,False,1,0.0,0
7509002805806517511,CÃ´ gÃ¡i may máº¯n nháº¥t Ä‘Ãªm Ä‘áº§u tiÃªn trong concert cá»§a SOOBIN lá»™ diá»‡n khiáº¿n dÃ¢n tÃ¬nh ná»©c ná»Ÿ #soobin #yendan #news #amm,"soobin,yendan,news,amm",789700,45300,538,92,6562500403404324865,Kenh14.vn,2025-05-27 14:45:00,7509101178077561608,ÃŠ bÃ¬nh thÆ°á»ng gá»i lÃ  anh bÃ¢y h gá»i lÃ  chÃº vÃ¬ áº£nh báº±ng tá»§i máº¹ tui Ã¡,1,2025-05-27 19:27:47,0,69e93de85f192b67abc6bdda33a33b99,66,False,False,False,False,7474261406930863111,mh222102,Gáº§n m6,22,114,0,False,1,0.0,0
7509002805806517511,CÃ´ gÃ¡i may máº¯n nháº¥t Ä‘Ãªm Ä‘áº§u tiÃªn trong concert cá»§a SOOBIN lá»™ diá»‡n khiáº¿n dÃ¢n tÃ¬nh ná»©c ná»Ÿ #soobin #yendan #news #amm,"soobin,yendan,news,amm",789700,45300,538,92,6562500403404324865,Kenh14.vn,2025-05-27 14:45:00,7509279920309666576,Äáº¥yâ€¦ nÃ³ páº£i nhÆ° nÃ y chá»©..,0,2025-05-28 07:01:46,0,2d75982690c3ea3150256792c4fef15c,25,False,False,False,False,6537440533308325889,nguyenvanhieu868,Linhhieu,209,142,9,False,1,0.0,0
7509002805806517511,CÃ´ gÃ¡i may máº¯n nháº¥t Ä‘Ãªm Ä‘áº§u tiÃªn trong concert cá»§a SOOBIN lá»™ diá»‡n khiáº¿n dÃ¢n tÃ¬nh ná»©c ná»Ÿ #soobin #yendan #news #amm,"soobin,yendan,news,amm",789700,45300,538,92,6562500403404324865,Kenh14.vn,2025-05-27 14:45:00,7509136071470203665,xem á»Ÿ Ä‘Ã¢u Ä‘c nhá» tui tÃ¬m k ra,0,2025-05-27 21:43:17,0,4d497eff042afae31e969ea223973368,29,False,False,False,False,6625472504943116290,uelm3,imuynsayhi,4211,28,5,False,1,0.0,0
7509002805806517511,CÃ´ gÃ¡i may máº¯n nháº¥t Ä‘Ãªm Ä‘áº§u tiÃªn trong concert cá»§a SOOBIN lá»™ diá»‡n khiáº¿n dÃ¢n tÃ¬nh ná»©c ná»Ÿ #soobin #yendan #news #amm,"soobin,yendan,news,amm",789700,45300,538,92,6562500403404324865,Kenh14.vn,2025-05-27 14:45:00,7509134892535186194,kÃªnh nÃ y bÃ­ content láº¯m r háº£ tr ğŸ¥°,0,2025-05-27 21:38:36,0,33d2bd5a1a8e222a0bb64662f2b2a2c0,33,False,False,False,False,6687854343884473346,_ngnh.mthh_,ğ˜¸ğ˜°ğ˜°ğŸ«§,1398,92,10,False,1,0.0,0
7509002805806517511,CÃ´ gÃ¡i may máº¯n nháº¥t Ä‘Ãªm Ä‘áº§u tiÃªn trong concert cá»§a SOOBIN lá»™ diá»‡n khiáº¿n dÃ¢n tÃ¬nh ná»©c ná»Ÿ #soobin #yendan #news #amm,"soobin,yendan,news,amm",789700,45300,538,92,6562500403404324865,Kenh14.vn,2025-05-27 14:45:00,7509083105521812242,Báº£ Ä‘áº¹p quÃ¡ mÃª mÃ¬nh con gÃ¡i cÃ²n mÃª,0,2025-05-27 18:17:39,0,55b02cc7c996945302cbb0dfd3b28a26,33,False,False,False,False,6673087970495005697,ngtrang51,Ng Trang,728,386,287,False,1,0.0,0
7509002805806517511,CÃ´ gÃ¡i may máº¯n nháº¥t Ä‘Ãªm Ä‘áº§u tiÃªn trong concert cá»§a SOOBIN lá»™ diá»‡n khiáº¿n dÃ¢n tÃ¬nh ná»©c ná»Ÿ #soobin #yendan #news #amm,"soobin,yendan,news,amm",789700,45300,538,92,6562500403404324865,Kenh14.vn,2025-05-27 14:45:00,7509129488812655367,tháº¿ chá»— táº¡m thá»i ?,0,2025-05-27 21:17:40,0,bd97194351630398b55515b43eb20419,18,False,False,False,False,7101516953294357506,dophuongmai1611,a diu tai á»£t,204,70,2,False,1,0.0,0
7509002805806517511,CÃ´ gÃ¡i may máº¯n nháº¥t Ä‘Ãªm Ä‘áº§u tiÃªn trong concert cá»§a SOOBIN lá»™ diá»‡n khiáº¿n dÃ¢n tÃ¬nh ná»©c ná»Ÿ #soobin #yendan #news #amm,"soobin,yendan,news,amm",789700,45300,538,92,6562500403404324865,Kenh14.vn,2025-05-27 14:45:00,7509118236487713543,ğŸ¥°ğŸ¥°ğŸ¥° Ãª thÃ­ch tháº¿,0,2025-05-27 20:33:57,0,df9e0656c5bb00d537689dcf232179a8,15,False,False,False,False,7210716500818052123,pbn19100,Bá»‘ng ğŸ’—ğŸŒ·â™¡á°”á©š,803,1268,0,False,1,0.0,0
7509002805806517511,CÃ´ gÃ¡i may máº¯n nháº¥t Ä‘Ãªm Ä‘áº§u tiÃªn trong concert cá»§a SOOBIN lá»™ diá»‡n khiáº¿n dÃ¢n tÃ¬nh ná»©c ná»Ÿ #soobin #yendan #news #amm,"soobin,yendan,news,amm",789700,45300,538,92,6562500403404324865,Kenh14.vn,2025-05-27 14:45:00,7509117069147144961,chá»‰ mÃª má»—i bb tráº§n,0,2025-05-27 20:29:34,0,2659f2c0b64fdbb6b20f4c5ca4e1b142,18,False,False,False,False,7183993898351526939,trn.mai106,Tráº§n Mai,3,45,0,False,1,0.0,0
7509002805806517511,CÃ´ gÃ¡i may máº¯n nháº¥t Ä‘Ãªm Ä‘áº§u tiÃªn trong concert cá»§a SOOBIN lá»™ diá»‡n khiáº¿n dÃ¢n tÃ¬nh ná»©c ná»Ÿ #soobin #yendan #news #amm,"soobin,yendan,news,amm",789700,45300,538,92,6562500403404324865,Kenh14.vn,2025-05-27 14:45:00,7509128235470226194,Thanh ThuÌ‰y vá»£ t maÌ€ lÃ´i vÃ´ chi,0,2025-05-27 21:12:46,0,ac8feb5cc00a3d8a06d2acac0efa2e10,31,False,False,False,False,7414411165257188360,hnoi26,phÆ¡Ì‰ kh haÌ€nh ğŸ ,42,42,0,False,1,0.0,0
7509002805806517511,CÃ´ gÃ¡i may máº¯n nháº¥t Ä‘Ãªm Ä‘áº§u tiÃªn trong concert cá»§a SOOBIN lá»™ diá»‡n khiáº¿n dÃ¢n tÃ¬nh ná»©c ná»Ÿ #soobin #yendan #news #amm,"soobin,yendan,news,amm",789700,45300,538,92,6562500403404324865,Kenh14.vn,2025-05-27 14:45:00,7509108137887482632,HÃ ng trÄƒm nghÃ¬n ngÆ°á»iğŸ˜³,0,2025-05-27 19:54:50,0,88dce7dd12b29775178e5db417827019,22,True,False,False,False,6543992368155295746,tom124667,Ahihi,179,1607,15,False,1,0.0,0
7509002805806517511,CÃ´ gÃ¡i may máº¯n nháº¥t Ä‘Ãªm Ä‘áº§u tiÃªn trong concert cá»§a SOOBIN lá»™ diá»‡n khiáº¿n dÃ¢n tÃ¬nh ná»©c ná»Ÿ #soobin #yendan #news #amm,"soobin,yendan,news,amm",789700,45300,538,92,6562500403404324865,Kenh14.vn,2025-05-27 14:45:00,7509106758309921544,lÆ°á»›t xuá»‘ng tháº¥y thanh thá»§y,0,2025-05-27 19:49:27,0,04de2e9231773f690438eaa0b66cc8fe,26,False,False,False,False,7409272137947939857,iam_leechii,Leechii,18,188,1,False,1,0.0,0
7509002805806517511,CÃ´ gÃ¡i may máº¯n nháº¥t Ä‘Ãªm Ä‘áº§u tiÃªn trong concert cá»§a SOOBIN lá»™ diá»‡n khiáº¿n dÃ¢n tÃ¬nh ná»©c ná»Ÿ #soobin #yendan #news #amm,"soobin,yendan,news,amm",789700,45300,538,92,6562500403404324865,Kenh14.vn,2025-05-27 14:45:00,7509029723378778881,ná»¯a háº£,3,2025-05-27 14:50:40,0,7e477ed49faa65d51c470a7d6269e732,6,False,False,False,False,6663574443959681026,lenhathung202,LÃªNháº­tHÆ°ng,1701,193,17,False,1,0.0,0
7509002805806517511,CÃ´ gÃ¡i may máº¯n nháº¥t Ä‘Ãªm Ä‘áº§u tiÃªn trong concert cá»§a SOOBIN lá»™ diá»‡n khiáº¿n dÃ¢n tÃ¬nh ná»©c ná»Ÿ #soobin #yendan #news #amm,"soobin,yendan,news,amm",789700,45300,538,92,6562500403404324865,Kenh14.vn,2025-05-27 14:45:00,7509051357588947732,Sá»›m nek ğŸ’—ğŸ’—ğŸ’—,3,2025-05-27 16:14:28,0,a79a9e33ddb93c0aa3015dbf26926bdd,11,True,False,False,False,7250384386780201990,uyenne7033,Pu nek ğŸ€ğŸ€ğŸ’—ğŸ’—,63,150,15,False,1,0.0,0
7509002805806517511,CÃ´ gÃ¡i may máº¯n nháº¥t Ä‘Ãªm Ä‘áº§u tiÃªn trong concert cá»§a SOOBIN lá»™ diá»‡n khiáº¿n dÃ¢n tÃ¬nh ná»©c ná»Ÿ #soobin #yendan #news #amm,"soobin,yendan,news,amm",789700,45300,538,92,6562500403404324865,Kenh14.vn,2025-05-27 14:45:00,7509106074022478593,Báº£ xinh máº£ báº£ cute máº£ thÃ­ch báº£ quÃ¡aaaaa,4,2025-05-27 19:46:54,0,bc85d73d81bb024dd98f5aed889b086d,39,False,False,False,False,7266718744011899922,phng.nguyn5683,Thiáº¿u Muá»‘i ğŸ˜,82,278,0,False,1,0.0,0
7509002805806517511,CÃ´ gÃ¡i may máº¯n nháº¥t Ä‘Ãªm Ä‘áº§u tiÃªn trong concert cá»§a SOOBIN lá»™ diá»‡n khiáº¿n dÃ¢n tÃ¬nh ná»©c ná»Ÿ #soobin #yendan #news #amm,"soobin,yendan,news,amm",789700,45300,538,92,6562500403404324865,Kenh14.vn,2025-05-27 14:45:00,7509100408310088455,BÃ  Äan báº£ Ä‘áº¹p,5,2025-05-27 19:24:48,0,9ac08ad4bb7760bf37a1b1880e7c5d82,13,False,False,False,False,7355391114127655957,tnii_2004,á¥«á©£á´ á´œÉ´É¢á´á´„_á´›á´œÊá´‡á´›É´ÊœÉªÉªâœ¦,267,217,41,False,1,0.0,0
7509002805806517511,CÃ´ gÃ¡i may máº¯n nháº¥t Ä‘Ãªm Ä‘áº§u tiÃªn trong concert cá»§a SOOBIN lá»™ diá»‡n khiáº¿n dÃ¢n tÃ¬nh ná»©c ná»Ÿ #soobin #yendan #news #amm,"soobin,yendan,news,amm",789700,45300,538,92,6562500403404324865,Kenh14.vn,2025-05-27 14:45:00,7509324878907753223,"""Tháº¿ chá»— táº¡m thá»i""ğŸ¥°",0,2025-05-28 09:55:54,0,da58462437692a39f781392d18932ed9,19,False,False,False,False,7437890783880315920,qs.163,ğŸ€,15,40,1,False,1,0.0,0
7509002805806517511,CÃ´ gÃ¡i may máº¯n nháº¥t Ä‘Ãªm Ä‘áº§u tiÃªn trong concert cá»§a SOOBIN lá»™ diá»‡n khiáº¿n dÃ¢n tÃ¬nh ná»©c ná»Ÿ #soobin #yendan #news #amm,"soobin,yendan,news,amm",789700,45300,538,92,6562500403404324865,Kenh14.vn,2025-05-27 14:45:00,7509077313025229586,ÃŠ giá» ms bÃ­t,8,2025-05-27 17:55:14,1,5614f6a2b0c1b4343ea53bfb7a380b99,12,False,False,False,False,7446979548590572549,snowlove992thanhtamha,Snow Love ( Thanh TÃ¢m Háº¡ ),118,210,81,False,1,0.0,0
7509002805806517511,CÃ´ gÃ¡i may máº¯n nháº¥t Ä‘Ãªm Ä‘áº§u tiÃªn trong concert cá»§a SOOBIN lá»™ diá»‡n khiáº¿n dÃ¢n tÃ¬nh ná»©c ná»Ÿ #soobin #yendan #news #amm,"soobin,yendan,news,amm",789700,45300,538,92,6562500403404324865,Kenh14.vn,2025-05-27 14:45:00,7509131071688344338,Äáº¹p Ä‘Ã´i quÃ¡ . Äan xinh yÃªu the dark dark dark hihi,19,2025-05-27 21:23:48,1,37761558bba591c57c351a5780f304a5,50,False,False,False,False,7093712679958168577,hoaiquyen293,HoaiHoai ğŸ–¤,400,271,0,False,1,0.0,0
7509002805806517511,CÃ´ gÃ¡i may máº¯n nháº¥t Ä‘Ãªm Ä‘áº§u tiÃªn trong concert cá»§a SOOBIN lá»™ diá»‡n khiáº¿n dÃ¢n tÃ¬nh ná»©c ná»Ÿ #soobin #yendan #news #amm,"soobin,yendan,news,amm",789700,45300,538,92,6562500403404324865,Kenh14.vn,2025-05-27 14:45:00,7509094897175347975,Ä‘áº©y thuyá»n thui mn uii,17,2025-05-27 19:03:27,8,3e913690c724f3bccb68620fa77e6fbb,22,False,False,False,False,7213015846028379137,buithanhha1908,hÃ  bÃ¹i_(.Â â›Â á´—Â â›.),44,797,12,False,1,0.0,0
7509002805806517511,CÃ´ gÃ¡i may máº¯n nháº¥t Ä‘Ãªm Ä‘áº§u tiÃªn trong concert cá»§a SOOBIN lá»™ diá»‡n khiáº¿n dÃ¢n tÃ¬nh ná»©c ná»Ÿ #soobin #yendan #news #amm,"soobin,yendan,news,amm",789700,45300,538,92,6562500403404324865,Kenh14.vn,2025-05-27 14:45:00,7509064431349220103,láº¡i cÃ²n THANH THá»¦Y ğŸ™‚,14,2025-05-27 17:05:18,0,78ca09d4aab7e1121d361cbb2263a62d,20,True,False,False,False,6771631258180142082,nnt.034,.,562,46,0,False,1,0.0,0
7509002805806517511,CÃ´ gÃ¡i may máº¯n nháº¥t Ä‘Ãªm Ä‘áº§u tiÃªn trong concert cá»§a SOOBIN lá»™ diá»‡n khiáº¿n dÃ¢n tÃ¬nh ná»©c ná»Ÿ #soobin #yendan #news #amm,"soobin,yendan,news,amm",789700,45300,538,92,6562500403404324865,Kenh14.vn,2025-05-27 14:45:00,7509080744766276359,cÃ´ áº¥y ko xá»©ng,0,2025-05-27 18:08:29,1,23d1508ceeb5cc7023ba98b066ab092c,13,False,False,False,False,7436233094329926674,havotramy_,:)))),5,76,0,False,1,0.0,0
7509002805806517511,CÃ´ gÃ¡i may máº¯n nháº¥t Ä‘Ãªm Ä‘áº§u tiÃªn trong concert cá»§a SOOBIN lá»™ diá»‡n khiáº¿n dÃ¢n tÃ¬nh ná»©c ná»Ÿ #soobin #yendan #news #amm,"soobin,yendan,news,amm",789700,45300,538,92,6562500403404324865,Kenh14.vn,2025-05-27 14:45:00,7509073431636411144,máº¹ tao Ä‘Ã¢u cÃ¡i nÃ y nÃ¨ ğŸ˜­ğŸ˜­@Ph Athh @âœ§Ë–Â°lilgmoonâœ§Ë–Â°,2,2025-05-27 17:40:05,2,f8a9dc57c580a289d2925290ab91eec8,48,True,True,False,False,6781800342097085441,_my_110513,<~Â°â€¢â™ªmá»_yâ™ªâ€¢Â°~>,241,445,0,False,1,0.0,0
7509002805806517511,CÃ´ gÃ¡i may máº¯n nháº¥t Ä‘Ãªm Ä‘áº§u tiÃªn trong concert cá»§a SOOBIN lá»™ diá»‡n khiáº¿n dÃ¢n tÃ¬nh ná»©c ná»Ÿ #soobin #yendan #news #amm,"soobin,yendan,news,amm",789700,45300,538,92,6562500403404324865,Kenh14.vn,2025-05-27 14:45:00,7509124354492941073,@T.Chii rÃ²i máº¯c j lÃ´i Thá»§y vÃ o bá»™ háº¿t content rá»“i hay j tÃ­ch xanh mÃ  cÃ²n v,1,2025-05-27 20:57:44,0,91be7e51b3bb469265e9f9061fa69a61,74,False,True,False,False,7209244868983473158,cherry_2620,Tina_ğŸ”®,8,19,0,False,1,0.0,0
7509002805806517511,CÃ´ gÃ¡i may máº¯n nháº¥t Ä‘Ãªm Ä‘áº§u tiÃªn trong concert cá»§a SOOBIN lá»™ diá»‡n khiáº¿n dÃ¢n tÃ¬nh ná»©c ná»Ÿ #soobin #yendan #news #amm,"soobin,yendan,news,amm",789700,45300,538,92,6562500403404324865,Kenh14.vn,2025-05-27 14:45:00,7509654877234578183,@yeu 10 luc 1 anh pháº£i ng mÃ¬nh chá»¥p k pÃ ,0,2025-05-29 07:16:41,0,23072337b9dc8c7d77ff354f391ddf2d,40,False,True,False,False,7304964769549796370,_maiiuoi5,m,425,586,2,False,1,0.0,0
7509002805806517511,CÃ´ gÃ¡i may máº¯n nháº¥t Ä‘Ãªm Ä‘áº§u tiÃªn trong concert cá»§a SOOBIN lá»™ diá»‡n khiáº¿n dÃ¢n tÃ¬nh ná»©c ná»Ÿ #soobin #yendan #news #amm,"soobin,yendan,news,amm",789700,45300,538,92,6562500403404324865,Kenh14.vn,2025-05-27 14:45:00,7509035019525800722,"Báº­n cháº¡y show, báº­n Ä‘i cÃ´ng du mÃ¡ Æ¡iiiii",8,2025-05-27 15:11:07,0,211ae3c08922de2a6ceb87ed523583b4,39,False,False,False,False,7419902916356260872,v.phngg7,TÃ­ con ğŸ€,13,270,0,False,1,0.0,0
7509002805806517511,CÃ´ gÃ¡i may máº¯n nháº¥t Ä‘Ãªm Ä‘áº§u tiÃªn trong concert cá»§a SOOBIN lá»™ diá»‡n khiáº¿n dÃ¢n tÃ¬nh ná»©c ná»Ÿ #soobin #yendan #news #amm,"soobin,yendan,news,amm",789700,45300,538,92,6562500403404324865,Kenh14.vn,2025-05-27 14:45:00,7509063046855099152,quÃ¡ trá»›n r xÃ­ch lÃªn dÃ¹m Ä‘i ğŸ¥°,0,2025-05-27 16:59:56,0,180976cdda0dd718a6ef3b413bfeae39,28,False,False,False,False,7250686472071185413,het_tien_nen_an_rau,THÃˆMÄ‚NRAUWÃğŸ¤‘,255,293,43,False,1,0.0,0
7509002805806517511,CÃ´ gÃ¡i may máº¯n nháº¥t Ä‘Ãªm Ä‘áº§u tiÃªn trong concert cá»§a SOOBIN lá»™ diá»‡n khiáº¿n dÃ¢n tÃ¬nh ná»©c ná»Ÿ #soobin #yendan #news #amm,"soobin,yendan,news,amm",789700,45300,538,92,6562500403404324865,Kenh14.vn,2025-05-27 14:45:00,7509061356403180306,kÃªnh nÃ y nch lÃ m t sÃ´i mÃ¡u I,1,2025-05-27 16:53:14,0,908798de7347610a18253189de62a125,28,False,False,False,False,6856651065845613569,tramie.zy,AmieeğŸª­,75,197,17,False,1,0.0,0
7509002805806517511,CÃ´ gÃ¡i may máº¯n nháº¥t Ä‘Ãªm Ä‘áº§u tiÃªn trong concert cá»§a SOOBIN lá»™ diá»‡n khiáº¿n dÃ¢n tÃ¬nh ná»©c ná»Ÿ #soobin #yendan #news #amm,"soobin,yendan,news,amm",789700,45300,538,92,6562500403404324865,Kenh14.vn,2025-05-27 14:45:00,7509329927742227221,ráº¥t Ãª nha:)) má»Ÿ bÃ i khÃ³ nghe váº­y,0,2025-05-28 10:15:31,0,3918af1e8d1272069081ed69a1db015d,32,False,False,False,False,7319525452770755585,mphewn_,ngÆ°á»i Viá»‡t.,920,62,0,False,1,0.0,0
7509002805806517511,CÃ´ gÃ¡i may máº¯n nháº¥t Ä‘Ãªm Ä‘áº§u tiÃªn trong concert cá»§a SOOBIN lá»™ diá»‡n khiáº¿n dÃ¢n tÃ¬nh ná»©c ná»Ÿ #soobin #yendan #news #amm,"soobin,yendan,news,amm",789700,45300,538,92,6562500403404324865,Kenh14.vn,2025-05-27 14:45:00,7509144967978746631,"Är Ä‘Ã³. Äáº©y sb vs YD Ä‘i, Ä‘á»ƒ Thuá»· cá»§a tui Ä‘c yÃªn ğŸ˜‚",0,2025-05-27 22:17:43,0,1f572332c5f238c8f93be076a71c9f9b,48,True,False,False,False,6722016722158683138,maivi2208,Mai Vi,139,304,13,False,1,0.0,0
7509002805806517511,CÃ´ gÃ¡i may máº¯n nháº¥t Ä‘Ãªm Ä‘áº§u tiÃªn trong concert cá»§a SOOBIN lá»™ diá»‡n khiáº¿n dÃ¢n tÃ¬nh ná»©c ná»Ÿ #soobin #yendan #news #amm,"soobin,yendan,news,amm",789700,45300,538,92,6562500403404324865,Kenh14.vn,2025-05-27 14:45:00,7509143601905992466,Má»›i nhÃ¬n tÆ°á»Ÿng vic,0,2025-05-27 22:12:23,0,787689b9404f67c6278cf1113de94a2a,18,False,False,False,False,7462973049429115909,gaidepbikhung2120,Maitrang ğŸ’ğŸ’ğŸ’ğŸ’,67,171,10,False,1,0.0,0
7509002805806517511,CÃ´ gÃ¡i may máº¯n nháº¥t Ä‘Ãªm Ä‘áº§u tiÃªn trong concert cá»§a SOOBIN lá»™ diá»‡n khiáº¿n dÃ¢n tÃ¬nh ná»©c ná»Ÿ #soobin #yendan #news #amm,"soobin,yendan,news,amm",789700,45300,538,92,6562500403404324865,Kenh14.vn,2025-05-27 14:45:00,7509134631952155410,máº¯c j lÃ´i vÃ´ bÃ­ content Ã ,0,2025-05-27 21:37:38,0,04048eba70b08165d69fe92f0a90ac34,25,False,False,False,False,7491914999943857159,iamquyn,iamquyn,6,27,2,False,1,0.0,0
7509002805806517511,CÃ´ gÃ¡i may máº¯n nháº¥t Ä‘Ãªm Ä‘áº§u tiÃªn trong concert cá»§a SOOBIN lá»™ diá»‡n khiáº¿n dÃ¢n tÃ¬nh ná»©c ná»Ÿ #soobin #yendan #news #amm,"soobin,yendan,news,amm",789700,45300,538,92,6562500403404324865,Kenh14.vn,2025-05-27 14:45:00,7509133691626537745,khÃ´ng áº¡,1,2025-05-27 21:42:42,0,fc563315f54e124ed24cdb8e6636380e,7,False,False,False,True,6557501390963474433,hoanq.liyenn,HoÃ ng Báº£o Minh.,0,0,0,False,1,0.0,0
7509002805806517511,CÃ´ gÃ¡i may máº¯n nháº¥t Ä‘Ãªm Ä‘áº§u tiÃªn trong concert cá»§a SOOBIN lá»™ diá»‡n khiáº¿n dÃ¢n tÃ¬nh ná»©c ná»Ÿ #soobin #yendan #news #amm,"soobin,yendan,news,amm",789700,45300,538,92,6562500403404324865,Kenh14.vn,2025-05-27 14:45:00,7509096542953046801,m xá»©ng háº£,4,2025-05-27 19:09:52,0,f189f09dd1ebb69ada1a574c1c3b7672,9,False,False,False,True,7291898170837173256,maith_uthuy,ğ“œğ“ªğ“²ğ“£ğ“±ğ“¾ğ“£ğ“±ğ“¾ğ”‚ğŸ’¤,0,0,0,False,1,0.0,0
7507607959783001351,KhÃ³ chá»‹u vá»›i máº¥y ngÆ°á»i tÃ² mÃ² #vtmgr #viral ,"vtmgr,viral",148700,5725,36,31,6857835345406493698,D.A.T Universe,2025-05-23 18:53:17,7507645975030629127,Máº·t cÄƒng lÃªn xem nÃ o,7,2025-05-23 21:20:53,0,5c1131d6aa4fd9c86d2ac6f3c688e543,20,False,False,False,False,7141321893261050906,buianhthai4,buianhthai07,60,56,14,False,1,0.0,0
7507607959783001351,KhÃ³ chá»‹u vá»›i máº¥y ngÆ°á»i tÃ² mÃ² #vtmgr #viral ,"vtmgr,viral",148700,5725,36,31,6857835345406493698,D.A.T Universe,2025-05-23 18:53:17,7507608684253610770,Ekip cháº¯c cÃ¡u láº¯m,17,2025-05-23 18:56:12,1,39ba1d0bfb69bca983900cf543da1b66,17,False,False,False,False,6857835345406493698,mr.dat2k,D.A.T Universe,2700000,54,627,True,2,0.0,5651.0
7507607959783001351,KhÃ³ chá»‹u vá»›i máº¥y ngÆ°á»i tÃ² mÃ² #vtmgr #viral ,"vtmgr,viral",148700,5725,36,31,6857835345406493698,D.A.T Universe,2025-05-23 18:53:17,7507610548866777864,"""hÃ£ng menu Ã """,3,2025-05-23 19:03:28,1,dbd63a5978cb9755f6b5540846fd2ac5,13,False,False,False,False,7247450375878509574,.nqm2008,nqMinhğŸ€,42,22,1,False,1,0.0,0
7507607959783001351,KhÃ³ chá»‹u vá»›i máº¥y ngÆ°á»i tÃ² mÃ² #vtmgr #viral ,"vtmgr,viral",148700,5725,36,31,6857835345406493698,D.A.T Universe,2025-05-23 18:53:17,7507622189451248402,Ã€ rá»“i ğŸ˜‚,3,2025-05-23 19:48:40,1,d1ce67a40abfcedb56ef9260c3c6730a,7,True,False,False,False,6594396064023003138,hoanghippie444,HoÃ ng Hippie,160500,841,447,False,1,0.0,0
7507607959783001351,KhÃ³ chá»‹u vá»›i máº¥y ngÆ°á»i tÃ² mÃ² #vtmgr #viral ,"vtmgr,viral",148700,5725,36,31,6857835345406493698,D.A.T Universe,2025-05-23 18:53:17,7507624031577096968,Nghe há»i Ä‘Ã£ tháº¥y nhá»©c cáº£ Ä‘áº§uâ€¦,8,2025-05-23 19:55:41,1,386b60d9ca2a841414071912bc27dc08,29,False,False,False,False,7115061310275437594,mr.den2k,D.E.N,6098,6,12,False,1,0.0,0
7507607959783001351,KhÃ³ chá»‹u vá»›i máº¥y ngÆ°á»i tÃ² mÃ² #vtmgr #viral ,"vtmgr,viral",148700,5725,36,31,6857835345406493698,D.A.T Universe,2025-05-23 18:53:17,7507608965825643272,sá»›m a Ãªiiiii,2,2025-05-23 18:57:15,0,891de74ae38178e18d06247ff8f32f30,12,False,False,False,False,6838576308831421441,_tthawh_1,nt.,434,154,1,False,1,0.0,0
7507607959783001351,KhÃ³ chá»‹u vá»›i máº¥y ngÆ°á»i tÃ² mÃ² #vtmgr #viral ,"vtmgr,viral",148700,5725,36,31,6857835345406493698,D.A.T Universe,2025-05-23 18:53:17,7507611365058822919,Nta Ä‘Ã£ khÃ´ng cho Ä‘á»¥ng rá»“i cá»© Ä‘á»¥ng nhá»‰ ....ğŸ˜,3,2025-05-23 19:06:32,0,f4bb4774b8b30d54513bcb0fb269af52,43,True,False,False,False,7203527366184879130,duypkuongvu,Duy Pkuong,52400,13,294,False,1,0.0,0
7507607959783001351,KhÃ³ chá»‹u vá»›i máº¥y ngÆ°á»i tÃ² mÃ² #vtmgr #viral ,"vtmgr,viral",148700,5725,36,31,6857835345406493698,D.A.T Universe,2025-05-23 18:53:17,7507609607578338066,""" T Ä‘Ã¹a vs m Ä‘áº¥y Ã  "" ğŸ˜ƒğŸ˜†",3,2025-05-23 18:59:45,0,922523557351f55ac979c6002df884b2,23,True,False,False,False,6867766063070135297,n.v.n.com,Nguyá»…n VÄƒn Trung ğŸƒ,892,18,0,False,1,0.0,0
7507607959783001351,KhÃ³ chá»‹u vá»›i máº¥y ngÆ°á»i tÃ² mÃ² #vtmgr #viral ,"vtmgr,viral",148700,5725,36,31,6857835345406493698,D.A.T Universe,2025-05-23 18:53:17,7507621244813771528,Bá»±c háº¿t cáº£ lÃ²ng,3,2025-05-23 19:44:54,1,bb6813d568ee793b9dbdfae113d597ea,15,False,False,False,False,6555564085210726401,sdrevieww,SDigital âœ”ï¸,1566,6,31,False,1,0.0,0
7507607959783001351,KhÃ³ chá»‹u vá»›i máº¥y ngÆ°á»i tÃ² mÃ² #vtmgr #viral ,"vtmgr,viral",148700,5725,36,31,6857835345406493698,D.A.T Universe,2025-05-23 18:53:17,7507629543973667602,quÃ¡n anh má»Ÿ bÃ¡n chÆ°a anh Ä‘áº¡t,2,2025-05-23 20:17:04,0,ee312e23cae0d8a6fa7f4b335e9286b6,28,False,False,False,False,7215731434941711386,dcmhjbb0,dcmhjbb0,3731,8747,17,False,2,0.0,23.0
7507607959783001351,KhÃ³ chá»‹u vá»›i máº¥y ngÆ°á»i tÃ² mÃ² #vtmgr #viral ,"vtmgr,viral",148700,5725,36,31,6857835345406493698,D.A.T Universe,2025-05-23 18:53:17,7507832074638115592,lÃ¢u r má»›i tháº¥y vd a,2,2025-05-24 09:23:07,0,ed2c249f6f6225af477c06dc7e88ecd4,19,False,False,False,False,7482773879414522898,hayaoft.hoai,à±¨à§É´á´€á¥«á©£,1417,4,8,False,1,0.0,0
7507607959783001351,KhÃ³ chá»‹u vá»›i máº¥y ngÆ°á»i tÃ² mÃ² #vtmgr #viral ,"vtmgr,viral",148700,5725,36,31,6857835345406493698,D.A.T Universe,2025-05-23 18:53:17,7508037039355626258,ai Ä‘á»“ má»Ÿ quyan nc hl2 Ã ,1,2025-05-24 22:38:20,0,189a5c7c4c8f8563b7986bc6dd1fdbe0,23,False,False,False,False,6899837237762343937,50kbaophong,cÃ´ Ä‘á»™c,1090,15,25,False,1,0.0,0
7507607959783001351,KhÃ³ chá»‹u vá»›i máº¥y ngÆ°á»i tÃ² mÃ² #vtmgr #viral ,"vtmgr,viral",148700,5725,36,31,6857835345406493698,D.A.T Universe,2025-05-23 18:53:17,7508363639986258706,Há»i ráº¥t nhiá»uuuu,1,2025-05-25 19:45:51,0,7c690e408cf7458f28b05501299eac8b,16,False,False,False,False,6981084938721838107,soianchay203,SÃ³i,373,6,3,False,1,0.0,0
7507607959783001351,KhÃ³ chá»‹u vá»›i máº¥y ngÆ°á»i tÃ² mÃ² #vtmgr #viral ,"vtmgr,viral",148700,5725,36,31,6857835345406493698,D.A.T Universe,2025-05-23 18:53:17,7507614570544366354,nhá»©c Ä‘áº§u vs máº¥y thg nÃ yğŸ˜‚,2,2025-05-23 19:19:01,0,f69f33adfea53ae3da287a0080a01b1a,24,True,False,False,False,6832871747218998274,tuan160205,T U A N hc,63,544,23,False,1,0.0,0
7507607959783001351,KhÃ³ chá»‹u vá»›i máº¥y ngÆ°á»i tÃ² mÃ² #vtmgr #viral ,"vtmgr,viral",148700,5725,36,31,6857835345406493698,D.A.T Universe,2025-05-23 18:53:17,7507619726802797330,Láº¯m chuyá»‡n ğŸ¤£,2,2025-05-23 19:39:00,0,400f2afb840325b4f0f2222f34ca3a72,12,False,False,False,False,7152387308955108379,vuden2007,VÅ© ÄenğŸ”¥,100,196,2,False,1,0.0,0
7507607959783001351,KhÃ³ chá»‹u vá»›i máº¥y ngÆ°á»i tÃ² mÃ² #vtmgr #viral ,"vtmgr,viral",148700,5725,36,31,6857835345406493698,D.A.T Universe,2025-05-23 18:53:17,7507870196205568775,a rep e Ä‘i,1,2025-05-24 11:50:59,0,9a3592ab606ed3563f764c69fdb87d5d,10,False,False,False,False,7219679545573786651,phamanhquan212,Pháº¡m Anh QuÃ¢n âœ”,373,1128,16,False,1,0.0,0
7507607959783001351,KhÃ³ chá»‹u vá»›i máº¥y ngÆ°á»i tÃ² mÃ² #vtmgr #viral ,"vtmgr,viral",148700,5725,36,31,6857835345406493698,D.A.T Universe,2025-05-23 18:53:17,7509463116129649425,NhÃ¬n máº·t giá»‘ng Há»“ XuÃ¢n Nguyá»‡n,0,2025-05-28 18:52:23,0,c5a9c1fc8b58da1ef707a0f4074051b5,29,False,False,False,False,7095178011021083674,mesigoat06,ï¿¼,1283,135,3,False,1,0.0,0
7507607959783001351,KhÃ³ chá»‹u vá»›i máº¥y ngÆ°á»i tÃ² mÃ² #vtmgr #viral ,"vtmgr,viral",148700,5725,36,31,6857835345406493698,D.A.T Universe,2025-05-23 18:53:17,7507629631065129746,máº¥y hÃ´m em lÆ°á»£n qua lÆ°á»£n láº¡i tháº¥y anh nhÆ°ng ngáº¡i,1,2025-05-23 20:17:27,0,6cb75ec33eac4aebcabd30f49afbff8d,48,False,False,False,False,7215731434941711386,dcmhjbb0,dcmhjbb0,3731,8747,17,False,2,0.0,23.0
7507607959783001351,KhÃ³ chá»‹u vá»›i máº¥y ngÆ°á»i tÃ² mÃ² #vtmgr #viral ,"vtmgr,viral",148700,5725,36,31,6857835345406493698,D.A.T Universe,2025-05-23 18:53:17,7508269827062547217,TÃ´i thÆ°á»Ÿng hÃ¡ng shoppeğŸ˜,1,2025-05-25 13:41:50,0,39496334be90d53dc7491489ba5f6f92,23,True,False,False,False,7149825188455220250,tongvanviet01,Anh Viá»‡t,623,5136,0,False,1,0.0,0
7507607959783001351,KhÃ³ chá»‹u vá»›i máº¥y ngÆ°á»i tÃ² mÃ² #vtmgr #viral ,"vtmgr,viral",148700,5725,36,31,6857835345406493698,D.A.T Universe,2025-05-23 18:53:17,7508195592481374984,tiá»ƒuu pháº©m má»›i,1,2025-05-25 08:53:39,0,b112cd8ad06cf1b67791c52729f4ad86,14,False,False,False,False,7487609132268061702,binhnomatacc,Gia BÃ¬nh,74,61,1,False,1,0.0,0
7507607959783001351,KhÃ³ chá»‹u vá»›i máº¥y ngÆ°á»i tÃ² mÃ² #vtmgr #viral ,"vtmgr,viral",148700,5725,36,31,6857835345406493698,D.A.T Universe,2025-05-23 18:53:17,7507632980333331218,Ã€ rá»“i gÃ¬ Ã¡ anh trai,1,2025-05-23 20:30:23,0,994356cb1aa3e8b1180069f8cd958f9c,19,False,False,False,True,6857835345406493698,mr.dat2k,D.A.T Universe,2700000,54,627,True,2,0.0,5651.0
